Nama_Gunung,Lat_Gunung,Lng_Gunung,Waktu_VA,Data_Koordinat_VA,Waktu_6H,Data_Prediksi_6H,Waktu_12H,Data_Prediksi_12H,Waktu_18H,Data_Prediksi_18H,Kode_Warna
Semeru - Jawa Timur,"-8,110811","112,9225016","Minggu, 04 Oktober 2026 pukul 11.00.",S0753 E11247 - S0756 E11307 - S0812 E11316 - S0824 E11302 - S0823 E11241 - S0804 E11234,"Minggu, 04 Oktober 2026 pukul 17.00",S0753 E11250 - S0758 E11317 - S0822 E11310 - S0824 E11256 - S0810 E11239,"Minggu, 04 Oktober 2026 pukul 23.00",,"Senin, 05 Oktober 2026 pukul 05.00",,Orange
Anak Krakatau,"-6,102871","105,422294","Sabtu, 12 September 2026 pukul 04.40.",,"Sabtu, 12 September 2026 pukul 10.40",,"Sabtu, 12 September 2026 pukul 16.40",,"Sabtu, 12 September 2026 pukul 22.40",,Tidak ada
Anak Krakatau,"-6,102871","105,422294","Senin, 07 September 2026 pukul 11.10.",,"Senin, 07 September 2026 pukul 17.10",,"Senin, 07 September 2026 pukul 23.10",,"Selasa, 08 September 2026 pukul 05.10",,Tidak ada
Awu - Sulawesi Utara,,,"Jumat, 10 Juli 2026 pukul 17.50.",,"Jumat, 10 Juli 2026 pukul 23.50",,"Sabtu, 11 Juli 2026 pukul 05.50",,"Sabtu, 11 Juli 2026 pukul 11.50",,Tidak ada
Lewotobi Laki-laki,"-8,537438","122,7674317","Kamis, 27 Agustus 2026 pukul 03.20.",,"Kamis, 27 Agustus 2026 pukul 09.20",,"Kamis, 27 Agustus 2026 pukul 15.20",,"Kamis, 27 Agustus 2026 pukul 21.20",,Tidak ada
Lewotobi Perempuan,,,"Minggu, 12 Juli 2026 pukul 17.50.",,"Minggu, 12 Juli 2026 pukul 23.50",,"Senin, 13 Juli 2026 pukul 05.50",,"Senin, 13 Juli 2026 pukul 11.50",,Tidak ada
Merapi Tawa Tengah,"-7,541484","110,445439","Senin, 13 Juli 2026 pukul 17.50.",,"Senin, 13 Juli 2026 pukul 23.50",,"Selasa, 14 Juli 2026 pukul 05.50",,"Selasa, 14 Juli 2026 pukul 11.50",,Tidak ada
Dempo - Sumatera Selatan,,,"Selasa, 14 Juli 2026 pukul 17.50.",,"Selasa, 14 Juli 2026 pukul 23.50",,"Rabu, 15 Juli 2026 pukul 05.50",,"Rabu, 15 Juli 2026 pukul 11.50",,Tidak ada
Dukono - Maluku Utara,"1,6997133","127,8785419","Minggu, 04 Oktober 2026 pukul 06.40.",N0139 E12751 - N0145 E12750 - N0206 E12816 - N0159 E12917 - N0137 E12920,"Minggu, 04 Oktober 2026 pukul 12.40",N0140 E12752 - N0140 E12752 - N0144 E12750 - N0204 E12802 - N0227 E12848 - N0217 E12913 - N0156 E12925 - N0135 E12925,"Minggu, 04 Oktober 2026 pukul 18.40",,"Senin, 05 Oktober 2026 pukul 00.40",,Kuning
Ili Lewotolok - Nusa Tenggara Timur,"-8,273319","123,506713","Minggu, 04 Oktober 2026 pukul 06.20.",S0816 E12333 - S0819 E12331 - S0801 E12246 - S0737 E12303,"Minggu, 04 Oktober 2026 pukul 12.20",S0816 E12333 - S0819 E12330 - S0800 E12246 - S0737 E12303,"Minggu, 04 Oktober 2026 pukul 18.20",,"Senin, 05 Oktober 2026 pukul 00.20",,Kuning
Ibu - Maluku Utara,"1,4944888","127,6333773","Minggu, 04 Oktober 2026 pukul 09.40.",N0126 E12737 - N0132 E12736 - N0152 E12816 - N0136 E12823 - N0117 E12819,"Minggu, 04 Oktober 2026 pukul 15.40",N0126 E12737 - N0132 E12736 - N0152 E12816 - N0136 E12823 - N0117 E12819,"Minggu, 04 Oktober 2026 pukul 21.40",,"Senin, 05 Oktober 2026 pukul 03.40",,Orange
Marapi - Sumatera Barat,,,"Kamis, 01 Oktober 2026 pukul 04.40.",,"Kamis, 01 Oktober 2026 pukul 10.40",,"Kamis, 01 Oktober 2026 pukul 16.40",,"Kamis, 01 Oktober 2026 pukul 22.40",,Tidak ada
Raung,,,"Minggu, 19 Juli 2026 pukul 17.50.",,"Minggu, 19 Juli 2026 pukul 23.50",,"Senin, 20 Juli 2026 pukul 05.50",,"Senin, 20 Juli 2026 pukul 11.50",,Tidak ada
Karangetang,"2,775796","125,406339","Kamis, 01 Oktober 2026 pukul 22.20.",,"Jumat, 02 Oktober 2026 pukul 04.20",,"Jumat, 02 Oktober 2026 pukul 10.20",,"Jumat, 02 Oktober 2026 pukul 16.20",,Tidak ada
Sinabung - Sumatera Utara,3.171378,98.392491,"Jumat, 04 September 2026 pukul 10.30.",,"Jumat, 04 September 2026 pukul 16.30",,"Jumat, 04 September 2026 pukul 22.30",,"Sabtu, 05 September 2026 pukul 04.30",,Tidak ada
,,,,,,,,,,,
,,,,,,,,,,,
,,,,,,,,,,,
,,,,,,,,,,,
,,,,,,,,,,,
,,,,,,,,,,,
,,,,,,,,,,,
,,,,,,,,,,,
,,,,,,,,,,,
,,,,,,,,,,,
,,,,,,,,,,,
,,,,,,,,,,,
,,,,,,,,,,,
,,,,,,,,,,,
,,,,,,,,,,,
,,,,,,,,,,,
,,,,,,,,,,,
,,,,,,,,,,,
,,,,,,,,,,,
,,,,,,,,,,,
,,,,,,,,,,,
,,,,,,,,,,,
,,,,,,,,,,,
,,,,,,,,,,,
,,,,,,,,,,,
,,,,,,,,,,,
,,,,,,,,,,,
,,,,,,,,,,,
,,,,,,,,,,,
,,,,,,,,,,,
,,,,,,,,,,,
,,,,,,,,,,,
,,,,,,,,,,,
,,,,,,,,,,,
,,,,,,,,,,,
,,,,,,,,,,,
,,,,,,,,,,,
,,,,,,,,,,,
,,,,,,,,,,,
,,,,,,,,,,,
,,,,,,,,,,,
,,,,,,,,,,,
,,,,,,,,,,,
,,,,,,,,,,,
