ID,Nama,Longitude,Latitude,Luas (hektar),Luas (m²),Waktu WIB,Waktu UTC,Status_Lokasi,Delta (m²)
id-gdacs-1032560-fire,GDACS 1032560 Fire,140.7254,-8.2201,5052,50520000,2026-10-04 07:00 WIB,2026-10-04T00:00Z,BARU,50520000
id-gdacs-1032558-fire,GDACS 1032558 Fire,140.5109,-7.5094,5156,51560000,2026-10-04 07:00 WIB,2026-10-04T00:00Z,BARU,51560000
id-gdacs-1032543-fire,GDACS 1032543 Fire,126.3862,-3.6186,5220,52200000,2026-10-04 07:00 WIB,2026-10-04T00:00Z,BARU,52200000
id-gdacs-1032557-fire,GDACS 1032557 Fire,111.5567,-2.9267,5375,53750000,2026-10-04 07:00 WIB,2026-10-04T00:00Z,BARU,53750000
id-gdacs-1032534-fire,GDACS 1032534 Fire,140.0294,-7.0996,5589,55890000,2026-10-04 07:00 WIB,2026-10-04T00:00Z,BARU,55890000
id-gdacs-1032536-fire,GDACS 1032536 Fire,105.2758,-3.4667,6010,60100000,2026-10-04 07:00 WIB,2026-10-04T00:00Z,BARU,60100000
id-gdacs-1032545-fire,GDACS 1032545 Fire,138.4376,-7.5452,6510,65100000,2026-10-04 07:00 WIB,2026-10-04T00:00Z,BARU,65100000
id-gdacs-1032549-fire,GDACS 1032549 Fire,105.5153,-3.3014,6702,67020000,2026-10-04 07:00 WIB,2026-10-04T00:00Z,BARU,67020000
id-gdacs-1032526-fire,GDACS 1032526 Fire,140.5928,-7.827,7098,70980000,2026-10-04 07:00 WIB,2026-10-04T00:00Z,BARU,70980000
id-gdacs-1032457-fire,GDACS 1032457 Fire,139.5467,-6.4401,7370,73700000,2026-10-04 07:00 WIB,2026-10-04T00:00Z,BARU,73700000
id-gdacs-1032542-fire,GDACS 1032542 Fire,126.889,-3.5567,8123,81230000,2026-10-04 07:00 WIB,2026-10-04T00:00Z,BARU,81230000
id-gdacs-1032502-fire,GDACS 1032502 Fire,140.271,-6.7508,8302,83020000,2026-10-04 07:00 WIB,2026-10-04T00:00Z,BARU,83020000
id-gdacs-1032481-fire,GDACS 1032481 Fire,139.4586,-6.5674,8669,86690000,2026-10-04 07:00 WIB,2026-10-04T00:00Z,BARU,86690000
id-gdacs-1032448-fire,GDACS 1032448 Fire,116.8174,0.2063,8953,89530000,2026-10-04 07:00 WIB,2026-10-04T00:00Z,BARU,89530000
id-gdacs-1032521-fire,GDACS 1032521 Fire,105.0628,-3.0592,9393,93930000,2026-10-04 07:00 WIB,2026-10-04T00:00Z,BARU,93930000
id-gdacs-1032528-fire,GDACS 1032528 Fire,140.6397,-7.6587,9948,99480000,2026-10-04 07:00 WIB,2026-10-04T00:00Z,BARU,99480000
id-gdacs-1032555-fire,GDACS 1032555 Fire,133.5839,-2.8942,5580,55800000,2026-10-03 07:00 WIB,2026-10-03T00:00Z,BARU,55800000
id-gdacs-1032480-fire,GDACS 1032480 Fire,140.3097,-8.1555,6624,66240000,2026-10-03 07:00 WIB,2026-10-03T00:00Z,BARU,66240000
id-gdacs-1032349-fire,GDACS 1032349 Fire,112.6576,-2.8377,7017,70170000,2026-10-03 07:00 WIB,2026-10-03T00:00Z,BARU,70170000
id-gdacs-1032539-fire,GDACS 1032539 Fire,116.7983,0.0065,7345,73450000,2026-10-03 07:00 WIB,2026-10-03T00:00Z,BARU,73450000
id-gdacs-1032530-fire,GDACS 1032530 Fire,133.8797,-3.3011,5047,50470000,2026-10-02 07:00 WIB,2026-10-02T00:00Z,BARU,50470000
id-gdacs-1032520-fire,GDACS 1032520 Fire,139.3947,-7.777,5147,51470000,2026-10-02 07:00 WIB,2026-10-02T00:00Z,BARU,51470000
id-gdacs-1032519-fire,GDACS 1032519 Fire,140.9133,-6.3511,5056,50560000,2026-10-01 07:00 WIB,2026-10-01T00:00Z,BARU,50560000
id-gdacs-1032486-fire,GDACS 1032486 Fire,116.1971,-3.8075,6058,60580000,2026-10-01 07:00 WIB,2026-10-01T00:00Z,BARU,60580000
id-gdacs-1032264-fire,GDACS 1032264 Fire,112.6694,-3.1142,7798,77980000,2026-10-01 07:00 WIB,2026-10-01T00:00Z,BARU,77980000
id-gdacs-1032483-fire,GDACS 1032483 Fire,137.8178,-8.2997,5481,54810000,2026-09-30 07:00 WIB,2026-09-30T00:00Z,BARU,54810000
id-gdacs-1032487-fire,GDACS 1032487 Fire,104.2464,-1.1861,5992,59920000,2026-09-30 07:00 WIB,2026-09-30T00:00Z,BARU,59920000
id-gdacs-1032141-fire,GDACS 1032141 Fire,103.9544,-1.8336,6534,65340000,2026-09-30 07:00 WIB,2026-09-30T00:00Z,BARU,65340000
id-gdacs-1032344-fire,GDACS 1032344 Fire,112.7045,-3.0273,7770,77700000,2026-09-29 07:00 WIB,2026-09-29T00:00Z,BARU,77700000
id-gdacs-1032345-fire,GDACS 1032345 Fire,112.2217,-3.2527,8700,87000000,2026-09-29 07:00 WIB,2026-09-29T00:00Z,BARU,87000000
id-gdacs-1032248-fire,GDACS 1032248 Fire,112.5576,-3.1072,8200,82000000,2026-09-26 07:00 WIB,2026-09-26T00:00Z,BARU,82000000
id-gdacs-1032293-fire,GDACS 1032293 Fire,111.9017,-3.4334,15490,154900000,2026-09-26 07:00 WIB,2026-09-26T00:00Z,BARU,154900000
id-gdacs-1032334-fire,GDACS 1032334 Fire,110.4615,-1.5928,6391,63910000,2026-09-25 07:00 WIB,2026-09-25T00:00Z,BARU,63910000
id-gdacs-1032353-fire,GDACS 1032353 Fire,110.3615,-2.843,6441,64410000,2026-09-25 07:00 WIB,2026-09-25T00:00Z,BARU,64410000
id-gdacs-1032300-fire,GDACS 1032300 Fire,110.3887,-2.7815,10841,108410000,2026-09-25 07:00 WIB,2026-09-25T00:00Z,BARU,108410000
id-gdacs-1032268-fire,GDACS 1032268 Fire,110.1532,-2.2022,5630,56300000,2026-09-24 07:00 WIB,2026-09-24T00:00Z,BARU,56300000
id-gdacs-1032267-fire,GDACS 1032267 Fire,114.2963,-2.8679,5989,59890000,2026-09-24 07:00 WIB,2026-09-24T00:00Z,BARU,59890000
id-gdacs-1032258-fire,GDACS 1032258 Fire,105.5548,-3.7862,6913,69130000,2026-09-24 07:00 WIB,2026-09-24T00:00Z,BARU,69130000
id-gdacs-1032315-fire,GDACS 1032315 Fire,112.9837,-2.7205,7117,71170000,2026-09-24 07:00 WIB,2026-09-24T00:00Z,BARU,71170000
id-gdacs-1032251-fire,GDACS 1032251 Fire,110.4797,-2.5052,8280,82800000,2026-09-24 07:00 WIB,2026-09-24T00:00Z,BARU,82800000
id-gdacs-1032354-fire,GDACS 1032354 Fire,110.1972,-2.078,5049,50490000,2026-09-23 07:00 WIB,2026-09-23T00:00Z,BARU,50490000
id-gdacs-1032369-fire,GDACS 1032369 Fire,114.2734,-2.5585,5075,50750000,2026-09-23 07:00 WIB,2026-09-23T00:00Z,BARU,50750000
id-gdacs-1032333-fire,GDACS 1032333 Fire,114.4457,-3.1493,5834,58340000,2026-09-23 07:00 WIB,2026-09-23T00:00Z,BARU,58340000
id-gdacs-1032280-fire,GDACS 1032280 Fire,111.1163,-2.0092,7275,72750000,2026-09-23 07:00 WIB,2026-09-23T00:00Z,BARU,72750000
id-gdacs-1031981-fire,GDACS 1031981 Fire,126.7918,-3.3665,13303,133030000,2026-09-23 07:00 WIB,2026-09-23T00:00Z,BARU,133030000
id-2215-fire,Tanah Merah Fire,117.195305,-0.45652,0,0,2026-09-22 12:30 WIB,2026-09-22T05:30Z,BARU,0
id-gdacs-1032252-fire,GDACS 1032252 Fire,132.961,-3.5994,5551,55510000,2026-09-22 07:00 WIB,2026-09-22T00:00Z,BARU,55510000
id-gdacs-1032227-fire,GDACS 1032227 Fire,121.6678,-1.1808,5649,56490000,2026-09-22 07:00 WIB,2026-09-22T00:00Z,BARU,56490000
id-gdacs-1032178-fire,GDACS 1032178 Fire,111.0849,-2.8948,6489,64890000,2026-09-22 07:00 WIB,2026-09-22T00:00Z,BARU,64890000
id-gdacs-1032030-fire,GDACS 1032030 Fire,133.9165,-3.2658,6798,67980000,2026-09-22 07:00 WIB,2026-09-22T00:00Z,BARU,67980000
id-gdacs-1032118-fire,GDACS 1032118 Fire,126.8782,-3.3442,7165,71650000,2026-09-22 07:00 WIB,2026-09-22T00:00Z,BARU,71650000
id-gdacs-1032167-fire,GDACS 1032167 Fire,133.2051,-2.819,7617,76170000,2026-09-22 07:00 WIB,2026-09-22T00:00Z,BARU,76170000
id-gdacs-1032105-fire,GDACS 1032105 Fire,133.9464,-2.9072,7959,79590000,2026-09-22 07:00 WIB,2026-09-22T00:00Z,BARU,79590000
id-2198-fire,Pemaluan Fire,116.648484,-1.069117,0,0,2026-09-21 11:00 WIB,2026-09-21T04:00Z,BARU,0
id-gdacs-1032254-fire,GDACS 1032254 Fire,128.1575,-2.9517,5286,52860000,2026-09-21 07:00 WIB,2026-09-21T00:00Z,BARU,52860000
id-gdacs-1031996-fire,GDACS 1031996 Fire,111.5045,-2.8617,6666,66660000,2026-09-21 07:00 WIB,2026-09-21T00:00Z,BARU,66660000
id-gdacs-1032036-fire,GDACS 1032036 Fire,137.7443,-4.04,8658,86580000,2026-09-21 07:00 WIB,2026-09-21T00:00Z,BARU,86580000
id-gdacs-1031995-fire,GDACS 1031995 Fire,105.169,-2.8708,20686,206860000,2026-09-21 07:00 WIB,2026-09-21T00:00Z,BARU,206860000
,,,,,,,,,
Terakhir diperbarui: 2026-10-04 20:11:07 WIB,,,,,,,,,