"timestamp","lat","lng","jenis","deskripsi","fotoUrl"
"Sun Aug 30 2026 17:00:50 GMT+0900 (Korean Standard Time)","-8,537438","122,7674317","Erupsi Gunung Api","Terjadi erupsi G. Lewotobi Laki-laki pada hari Minggu, 30 Agustus 2026, pukul 13:57 WITA dengan tinggi kolom abu teramati ± 600 m di atas puncak (± 2184 m di atas permukaan laut). Kolom abu teramati berwarna kelabu dengan intensitas tebal ke arah barat daya dan barat. Saat laporan ini dibuat, erupsi masih berlangsung.","https://magma.vsi.esdm.go.id/img/crs/VEN_LWK20260830130055.png"
"Thu Oct 01 2026 16:25:50 GMT+0900 (Korean Standard Time)","-8,110811","112,9225016","Erupsi Gunung Api","Terjadi erupsi G. Semeru pada hari Kamis, 01 Oktober 2026, pukul 15:54 WIB dengan tinggi kolom abu teramati ± 400 m di atas puncak (± 4076 m di atas permukaan laut). Kolom abu teramati berwarna kelabu dengan intensitas tebal ke arah timur laut. Erupsi ini terekam di seismograf dengan amplitudo maksimum 22 mm dan durasi 169 detik.","https://magma.vsi.esdm.go.id/img/crs/VEN_SMR20261001155536.png"
"Tue Sep 29 2026 06:58:40 GMT+0900 (Korean Standard Time)","1,6997133","127,8785419","Erupsi Gunung Api","Terjadi erupsi G. Dukono pada hari Selasa, 29 September 2026, pukul 05:43 WIT. Visual letusan tidak teramati. Saat laporan ini dibuat, erupsi masih berlangsung.",""
"Sat Sep 26 2026 13:43:50 GMT+0900 (Korean Standard Time)","1,6998133","127,8795419","Erupsi Gunung Api","Pada tanggal 26 September 2026, TROPOMI (TROPOspheric Monitoring Instrument), yaitu alat pemantau udara canggih di satelit Sentinel-5P milik Badan Antariksa Eropa (ESA) telah mendeteksi peningkatan sinyal SO2 (sulfur dioksida) sebesar 3,26 DU pada jarak 21.8 km dari Dukono.","https://pbs.twimg.com/media/HTH5jAnXYAAJnQu?format=jpg&name=medium"
"Thu Oct 01 2026 13:18:50 GMT+0900 (Korean Standard Time)","1,4944888","127,6333773","Erupsi Gunung Api","Terjadi erupsi G. Ibu pada hari Kamis, 01 Oktober 2026, pukul 14:10 WIT dengan tinggi kolom abu teramati ± 800 m di atas puncak (± 2125 m di atas permukaan laut). Kolom abu teramati berwarna putih hingga kelabu dengan intensitas sedang hingga tebal ke arah utara dan barat laut. Saat laporan ini dibuat, erupsi masih berlangsung.","https://magma.vsi.esdm.go.id/img/crs/VEN_IBU20261001120856.png"
"Tue Sep 29 2026 12:10:00 GMT+0900 (Korean Standard Time)","-8,273319","123,506713","Erupsi Gunung Api","Terjadi erupsi G. Ili Lewotolok pada hari Selasa, 29 September 2026, pukul 10:23 WITA dengan tinggi kolom abu teramati ± 500 m di atas puncak (± 1923 m di atas permukaan laut). Kolom abu teramati berwarna kelabu dengan intensitas tebal ke arah barat. Erupsi ini terekam di seismograf dengan amplitudo maksimum 40 mm dan durasi 60 detik.","https://magma.vsi.esdm.go.id/img/crs/VEN_LEW20260929092116.png"
"Sat Sep 26 2026 22:15:35 GMT+0900 (Korean Standard Time)","-7,541484","110,445439","Erupsi Gunung Api","awan panas guguran di Gunung Merapi Sabtu, 26/09/2026
- Pukul 20:34 WIB, estimasi jarak luncur 2.000 m dengan amplitudo maks 48,66 mm durasi 129,64 detik mengarah ke selatan (Kali Boyong).

📢 Masyarakat diimbau untuk menjauhi daerah bahaya dan alur sungai yang berhulu di Gunung Merapi serta mematuhi rekomendasi resmi.

➡️ Panta","https://x.com/merapi_uncover/status/2103849754543497386/video/1"
"Wed Sep 09 2026 05:20:35 GMT+0900 (Korean Standard Time)","-6,102871","105,422294","Erupsi Gunung Api","Terjadi erupsi G. Anak Krakatau pada hari Rabu, 09 September 2026, pukul 00:47 WIB. Visual letusan tidak teramati. Erupsi ini terekam di seismograf dengan amplitudo maksimum 51 mm dan durasi 28 detik.",""
"Thu Sep 10 2026 23:35:50 GMT+0900 (Korean Standard Time)","-6,105231","105,424526","Erupsi Gunung Api","Bila merujuk pada aktifitas Thermal Gunung Anak Krakatau dalam kurun waktu tujuh hari terakhir dan dua hari terakhir dapat dikatakan bahwa aktifitas thermal Gunung Anak Krakatau menurun drastis pasca terjadnya Erupsi pada tanggal 5 September 2026 ( dini hari ).
namun kondisi ini masih terlihat di grafik bahwa aktifitas thermalnya belum benar-benar turun seperti level sebelum terjadinya erupsi. perlu kiranya masyarakat tetap mewaspadai akan adanya POTENSI erupsi susulan.
Patuhi Zona Aman yang sudah ditetapkan oleh Institusi yang berwenang, jangan beraktifitas di Zona Merah ( Zona Bahaya ) erupsi Gunung Anak Krakatau, selalu siap siagakan masker bilamana dibutuhkan maka dapat segera dipergunakan. https://x.com/infomitigasi/status/2098045212845281700","https://pbs.twimg.com/media/HR0TNLtbUAELuOy?format=jpg&name=4096x4096"
"Wed Sep 09 2026 23:45:20 GMT+0900 (Korean Standard Time)","-6,102231","105,424526","Erupsi Gunung Api","Pada tanggal 9 September 2026, TROPOMI (TROPOspheric Monitoring Instrument), yaitu alat pemantau udara canggih di satelit Sentinel-5P milik Badan Antariksa Eropa (ESA) telah mendeteksi peningkatan sinyal SO2 (sulfur dioksida) sebesar 13,30 DU pada jarak 57.4 km dari Anak Krakatau.","https://pbs.twimg.com/media/HRyESvGbAAAHap2?format=jpg&name=medium"
"Thu Oct 01 2026 18:45:55 GMT+0900 (Korean Standard Time)","2.775796","125.406339","Erupsi Gunung Api","Terjadi erupsi G. Karangetang pada hari Kamis, 01 Oktober 2026, pukul 16:35 WITA dengan tinggi kolom abu teramati ± 700 m di atas puncak (± 2484 m di atas permukaan laut). Kolom abu teramati berwarna putih, kelabu hingga coklat dengan intensitas sedang hingga tebal ke arah utara. Erupsi ini terekam di seismograf dengan amplitudo maksimum 50 mm dan durasi 74 detik.","https://magma.vsi.esdm.go.id/img/crs/VEN_KAR20261001162848.png"
"Thu Oct 01 2026 10:54:45 GMT+0900 (Korean Standard Time)","-0.391662","100.455476","Erupsi Gunung Api","Terjadi erupsi G. Marapi pada hari Kamis, 1 Oktober 2026, pukul 10:00 WIB. Visual letusan tidak teramati. Erupsi ini terekam di seismograf dengan amplitudo maksimum 19.5 mm dan durasi 27 detik.","https://magma.vsi.esdm.go.id/img/crs/VEN_MAR20261001101306.png"
"Sun Sep 13 2026 19:00:20 GMT+0900 (Korean Standard Time)","3.171378","98.392491","Erupsi Gunung Api","Pada tanggal 13 September 2026, TROPOMI (TROPOspheric Monitoring Instrument), yaitu alat pemantau udara canggih di satelit Sentinel-5P milik Badan Antariksa Eropa (ESA) telah mendeteksi peningkatan sinyal SO2 (sulfur dioksida) sebesar 5,71 DU pada jarak 44.6 km dari Sinabung.","https://pbs.twimg.com/media/HSFYx_wWkAMerf7?format=jpg&name=medium"
"Sat Aug 15 2026 11:30:30 GMT+0900 (Korean Standard Time)","-8.41","121.39","Gempa Bumi","GEMPABUMI TEKTONIK M7,0 DI FLORES, NUSA TENGGARA TIMUR

BERPOTENSI TSUNAMI DI WILAYAH INDONESIA DIAKHIRI

Hari Sabtu, 15 Agustus 2026, pukul 04:58:23 WIB wilayah Flores, Nusa Tenggara timur diguncang gempa bumi tektonik. Hasil analisis BMKG menunjukkan gempa bumi ini memiliki parameter update dengan magnitudo 7,7 pada kedalaman 15 km. Episenter gempa bumi terletak pada koordinat -8,41° LS; 121,39° BT, atau tepatnya berlokasi di laut pada jarak 30 Km arah timur laut Nagegeo, Nusa Tenggara Timur.

Hasil pemodelan tsunami menunjukkan bahwa gempa bumi ini BERPOTENSI TSUNAMI di wilayah provinsi NUSA TENGGARA TIMUR, SULAWESI SELATAN, NUSA TENGAGRA BARAT dengan tingkat status ancaman:

Saat ini Peringatan Tsunami TELAH DIAKHIRI BMKG https://inatews.bmkg.go.id/web/detail?name=20260815073130&day=614

Jakarta, 15 Agustus 2026
Direktur Gempabumi dan Tsunami BMKG","https://bmkg-content-inatews.storage.googleapis.com/20260815070532.gif"
"Sun Aug 16 2026 11:30:30 GMT+0900 (Korean Standard Time)","-8.303557","120.493530","Butuh Penanganan Segera","Kaji cepat dampak gempa M7,7 di wilayah Provinsi Nusa Tenggara Timur (NTT) masih terus dilakukan petugas gabungan. Lebih dari 40 warga meninggal dunia dan ratusan rumah mengalami kerusakan. 

Berdasarkan data sementara pada Sabtu (15/8), pukul 18.48 WIB, Badan Nasional Penanggulangan Bencana (BNPB) merilis total jumlah korban meninggal dunia mencapai 47 orang. Sebaran korban tersebut teridentifikasi di Kabupaten Manggarai 24 orang, Manggarai Timur 17 orang, Sikka 3 orang, Mamggarai Barat 1 orang, Ngada 1 orang dan Ende 1 orang.  Selain korban ini, petugas mengevakuasi dan melakukan perawatan medis terhadap para korban luka-luka. 

Data sementara sore tadi, pukul 17.00 WIB, Sabtu (15/8), total rumah rusak berat mencapai 157 unit, rusak sedang 41 unit dan rusak ringan 148 unit. Kerusakan juga terjadi pada fasilitas umum, seperti fasilitas Pendidikan 87 unit, kesehatan 18 unit, tempat ibadah 5 unit, kantor 6 unit dan sejumlah fasilitas umum lain.  

Merespons gempa di NTT, BNPB mengirimkan bantuan pangan dan non-pangan ke wilayah bencana. Sejumlah bantuan dikerahkan melalui gudang logistik yang berada di Kabupaten Flores Timur, NTT. 

Sedangkan dari Jakarta, BNPB juga mengirimkan bantuan melalui baseops TNI AU Halim Perdanakusuma. Total bantuan sebanyak 50 ribu paket dengan berat 275 ton. Saat ini, bantuan yang baru tiba di baseops sebanyak 10.500 paket, yang berasal dari Presiden Prabowo Subianto.

Sementara itu, guncangan gempa juga dirasakan warga Kabupaten dan Kota Bima, Provinsi Nusa Tenggara Barat, dan Kabupaten Kepulauan Selayar, Provinsi Sulawesi Selatan. 

Kondisi masyarakat di Kabupaten dan Kota Bima secara umum kondusif. BPBD Kota Bima melakukan pendataan dan verifikasi situasi di lapangan. Pusat Pengendalian Operasi BNPB mendapatkan laporan di Kepulauan Selayar, BPBD setempat mendirikan pos pengungsian di tiga titik. Sebaran pengungsian berada di Kecamatan Pasirmarannu, Pasilambena dan Takabonerate.
","https://www.bnpb.go.id/storage/app/media/01%20SIARAN%20PERS%202026/550%20Update%20Dampak%20Gempa%20M7%207%20NTT%20Lebih%20dari%2040%20Warga%20Meninggal%20Dunia/WhatsApp%20Image%202026-08-15%20at%2020.07.40.jpeg"
"Thu Sep 10 2026 12:27:10 GMT+0900 (Korean Standard Time)","-6.102658","105.424418","Erupsi Gunung Api","PERKEMBANGAN ERUPSI GUNUNGAPI ANAK KRAKATAU TANGGAL 10 SEPTEMBER 2026 
Dengan ini disampaikan evaluasi perkembangan aktivitas Gunungapi Anak Krakatau, Provinsi Lampung tanggal 10 September 2026 pukul 06.00 WIB
Satu episode erupsi menerus terjadi sejak 4 September 2026 pukul 23.07 WIB telah berakhir 6 September 2026 pukul 00.04 WIB setelah berlangsung selama 25 jam. Sejak berakhirnya erupsi menerus hingga tanggal 10 September 2026 pukul 06.00 WIB, telah terjadi 13 kali erupsi Strombolian. Kembalinya erupsi Strombolian sebagai karakteristik erupsi Gunungapi Anak Krakatu, untuk sementara ini diinterpretasikan sebagai akhir dari episode erupsi menerus yang cukup panjang. Data kegempaan vulkanik hingga tanggal 10 September 2026 menunjukan adanya kecenderungan penurunan aktivitas Gunungapi Anak Krakatau sejak erupsi menerus. Meskipun demikian, perkembangan dinamika vulkanisme Gunungapi Anak Krakatau masih terus dipantau dan dievaluasi. Probabilitas untuk terjadi letusan dalam beberapa periode waktu selanjutnya adalah masih tinggi. Ancaman bahaya erupsi berasal dari lontaran batu pijar disertai hujan abu lebat. Potensi ancaman bahaya lainnya berasal dari aliran lava jika erupsi menerus kembali terjadi. Sumber informasi : https://x.com/badangeologi_/status/2097888136345121279","https://pbs.twimg.com/media/HR0xq-UbsAAyLJt?format=jpg&name=900x900"
"Tue Sep 22 2026 12:40:50 GMT+0900 (Korean Standard Time)","-6,102871","105,422294","Report Aktivitas Krakatau","Badan Geologi Kementerian Energi dan Sumber Daya Mineral (ESDM) menurunkan status aktivitas Gunungapi Anak Krakatau di Selat Sunda dari Level III (Siaga) menjadi Level II (Waspada). Keputusan tersebut berlaku mulai 21 September 2026 pukul 18.30 WIB"". Berdasarkan hasil analisis dan evaluasi secara menyeluruh, maka tingkat aktivitas Gunungapi Anak Krakatau diturunkan dari Level III (Siaga) menjadi Level II (Waspada),"" ujar Lana di Jakarta, Senin (21/9).

Sebelumnya, Gunungapi Anak Krakatau berada pada Level III (Siaga) sejak 2 Juli 2026 pukul 16.30 WIB setelah terdeteksi peningkatan kegempaan vulkanik dan deformasi. Dalam periode peningkatan aktivitas tersebut, tercatat sebanyak 224 kali erupsi hingga 3 September 2026.

Aktivitas kembali meningkat dengan terjadinya erupsi menerus selama sekitar 25 jam mulai 4 September 2026 pukul 23.07 WIB hingga 6 September 2026 pukul 00.04 WIB. Berdasarkan pantauan data citra satelit, erupsi tersebut menghasilkan aliran lava ke arah barat laut - barat - barat daya dari pusat erupsi.

Setelah periode tersebut, aktivitas Gunungapi Anak Krakatau menunjukkan kecenderungan menurun hingga 20 September 2026 pukul 00.00 WIB. Kondisi tersebut diperkuat oleh data deformasi yang menunjukkan adanya deflasi. Pada 20 September 2026, tercatat satu kali Gempa Low Frequency dan tremor menerus dengan rata-rata amplitudo 2 milimeter.

Meski status diturunkan, Badan Geologi tetap menetapkan rekomendasi keselamatan. Masyarakat di sekitar Gunungapi Anak Krakatau serta pengunjung, wisatawan, dan pendaki tidak diperbolehkan memasuki atau melakukan kegiatan dalam radius 2 kilometer dari pusat aktivitas gunungapi.

""Masyarakat di sekitar Gunungapi Anak Krakatau dan pengunjung, wisatawan, pendaki tidak diperbolehkan memasuki dan melakukan kegiatan di dalam wilayah radius 2 km dari pusat aktivitas Gunungapi Anak Krakatau,"".","https://www.esdm.go.id/assets/imagecache/bodyView/arsip-berita-aktivitas-anak-krakatau-menurun-badan-geologi-turunkan-status-dari-siaga-menjadi-waspada-l0k35cw.jpg"
"Mon Jul 06 2026 22:41:55 GMT+0900 (Korean Standard Time)","0,809969","127,332332","Erupsi Gunung Api","Informasi aktivitas kawah G. Gamalama 06 Juli 2026, 14.30-16.10 WITA, teramati asap berwarna putih, coklat, dan kelabu, tinggi 50-200 meter, arah angin barat-barat daya

Hujan abu ringan dilaporkan permukiman barat daya ","https://web.telegram.org/a636f906-a1be-4261-b5da-d08abcfa3fc2"
"Sat Jul 18 2026 00:33:15 GMT+0900 (Korean Standard Time)","-8.896275","121.636747","Erupsi Gunung Api","Report aktivitas : Gunung Iya
Level II (Waspada)

Iya, Jumat - 17 Juli 2026, periode 00:00-24:00 WITA. 
Teramati asap kawah utama berwarna putih dengan intensitas tipis tinggi sekitar 50-100 meter dari puncak.","https://magma.vsi.esdm.go.id/img/ga/IYA/IYA202607172400.png"
"Thu Sep 17 2026 16:50:15 GMT+0900 (Korean Standard Time)","-7.26","107.60","Gempa Bumi","Rangkaian Gempa Bumi di Kabupaten Bandung dan Sekitarnya yang terjadi di wilayah Kabupaten Bandung, tanggal 11 Agustus-17 September 2026 hingga pukul 08.00 WIB, BMKG telah mencatat 118 aktivitas gempa bumi dengan kekuatan berkisar M1,0-M3,4, diantaranya terjadi 13 kali gempa bumi dirasakan di Pangalengan, Talegong, Cisewu, dan sekitarnya dengan intensitas II-III MMI (getaran dirasakan nyata dalam rumah, terasa getaran seakan-akan truk berlalu). Dengan memperhatikan lokasi pusat gempa, gempa bumi yang terjadi merupakan jenis gempa bumi dangkal. Hasil analisis BMKG menunjukkan bahwa pusat gempa bumi membentuk pola kelurusan ke arah barat daya-timur laut dengan jarak sekitar 5-8 Km sebelah barat Sesar Garsela Segmen Kendang dan sebelah utara Sesar Garsela Segmen Kencana, secara tektonik gempa bumi tersebut berkaitan dengan aktivitas sesar lokal. Merujuk pada buku Peta Sumber dan Bahaya Gempa Indonesia keluaran Pusat Studi Gempa Nasional (PuSGen) tahun 2024, sebaran gempa bumi yang terjadi tidak berada pada zona sesar Garsela Segmen Kendang, Garsela Segmen Kencana, maupun Sesar Cicalengka, tetapi berada pada area yang belum terpetakan. Dalam hal ini perlu dilakukan kajian yang lebih mendalam terkait sumber gempa tersebut. Aktifkan layer Sesar untuk Melihat sampel Episenter Gempa yang diambil terhadap sesar sesar di sekitar kawasan.","https://pbs.twimg.com/media/HSZmB2rawAAHf-1?format=jpg&name=small"
"Wed Sep 23 2026 16:08:52 GMT+0900 (Korean Standard Time)","-0.951902","100.622599","Banjir","Banjir bandang melanda Nagari Batang Barus, Kecamatan Gunung Talang, Kabupaten Solok, Sumatera Barat, pada Senin (21/9) sekitar pukul 19.30 WIB. Peristiwa tersebut dipicu oleh intensitas hujan yang cukup tinggi.

Berdasarkan pembaruan data hingga Selasa (22/9) pukul 18.45 WIB, satu warga meninggal dunia dan satu warga masih dalam pencarian. Selain itu, satu warga mengalami luka berat dan tiga warga mengalami luka ringan.

Sebanyak 9 kepala keluarga atau 32 jiwa mengungsi akibat kejadian tersebut. Pengungsian sementara berada di Mapolres Solok, Rumah Dinas Wakil Bupati Solok, dan Kantor DPD Partai Golkar Kabupaten Solok.

Dari sisi kerusakan, sekitar 100 unit rumah terdampak. Banjir bandang juga menyebabkan kerusakan pada sejumlah fasilitas dan bangunan, meliputi dua kantor pemerintahan rusak berat dan sembilan kantor pemerintahan rusak ringan. Satu fasilitas kesehatan turut terdampak.

Selain itu, satu jembatan yang berada di jalur utama Arosuka mengalami putus. Kerusakan lahan pertanian masih dalam pendataan. Sebanyak 21 unit mobil dan tujuh unit sepeda motor juga dilaporkan terdampak.

Penanganan dilakukan oleh BPBD Kabupaten Solok bersama BPBD Provinsi Sumatera Barat dan unsur terkait. Tim gabungan melakukan evakuasi, pencarian korban, pendataan dampak, serta pembersihan material lumpur yang menutupi badan jalan.

Pada Selasa (22/9) pagi, tim SAR gabungan melakukan susur sungai untuk memastikan keberadaan warga yang masih dalam pencarian. Hingga pembaruan terakhir, satu warga masih dalam pencarian.","https://www.bnpb.go.id/storage/app/media/01%20SIARAN%20PERS%202026/708%20Banjir%20Bandang%20Terjang%20Kabupaten%20Solok%20Satu%20Warga%20Meninggal%20dan%20Satu%20Masih%20dalam%20Pencarian/WhatsApp%20Image%202026-09-22%20at%2013.28.50.jpeg"
"Sun Sep 27 2026 22:24:51 GMT+0900 (Korean Standard Time)","-7.315560"," 107.731832","Report Blue-Fire di Kawah Manuk","Fenomena Blue-Fire di Kawah Manuk - Gunungapi Papandayan 23 – 25 September 2026
Fenomena sinar api/blue fire di G. Papandayan sebelumnya pernah tercatat pada 22 Februari 2023 dan 12 Juli 2025, yang keduanya teramati di dinding Kawah Baru. Pada 24 September 2026 dini hari, fenomena serupa kembali teramati, namun kali ini muncul di area Kawah Manuk yang masih termasuk dalam kawasan kawah-kawah aktif Kompleks G. Papandayan.
Evaluasi terhadap hasil pemeriksaan tersebut adalah bahwa kemunculan sinar api/blue-fire pada lokasi Manifestasi Panas Baru di kompleks Kawah Manuk menunjukkan adanya pelepasan panas yang cukup tinggi hingga mampu menyebabkan pembakaran material permukaan. Serbuk berwarna menyerupai abu sisa pembakaran ditemukan di sekitar lokasi, yang kemungkinan berkaitan dengan proses pemanasan atau pembakaran material permukaan akibat paparan panas.
Kawah Mas yang berada berdekatan dengan lokasi Manifestasi Panas Baru tidak menunjukkan perubahan rasio gas yang berarti. Dengan demikian, berdasarkan data rasio gas, tidak terdapat indikasi perubahan sistem hidrotermal yang signifikan dibawah G. Papandayan yang dapat dikaitkan dengan kemunculan Manifestasi Panas Baru di kompleks Kawah Manuk.
Berdasarkan hasil pengukuran dan pengamatan menunjukkan bahwa aktivitas termal di lokasi manifestasi cenderung mengalami penurunan. Meskipun aktivitas termal menurun, kondisi gas di sekitar lokasi masih menunjukkan pelepasan gas vulkanik yang signifikan. Bau sulfur yang menyengat masih tercium pada arah angin dari lokasi manifestasi, sehingga keberadaan gas di sekitar lokasi masih berpotensi berdampak pada kesehatan apabila terpapar secara langsung, khususnya pada area arah angin.
Kemunculan sinar api/blue-fire di G. Papandayan menjadi atraksi tersendiri yang sangat jarang terjadi, mengingat fenomena ini diketahui hanya muncul di G. Ijen – Jawa Timur. Namun, sinar api/blue-fire ini muncul di area Kawah Manuk dekat dengan jalur pendakian utama atau ke arah area perkemahan yang menjadi salah satu tujuan wisata menarik lainnya di dalam kompleks G. Papandayan, sehingga kewaspadaan perlu ditingkatkan.
Potensi bahaya yang dapat terjadi dengan kemunculan sinar api/blue-fire ini adalah semburan dan paparan gas vulkanik beracun/di atas ambang batas. Gunungapi Papandayan saat ini masih berada pada tingkat aktivitas Level I (Normal), bagi masyarakat di sekitar G. Papandayan dan Wisatawan/Pendaki/Pengunjung direkomendasikan:
Tidak beraktivitas dan menginap dalam kawasan bukaan kawah aktif yang ada di dalam kompleks G. Papandayan, yaitu: Kawah Baru, Kawah Emas, Kawah Nangklak, Kawah Manuk/Balagadama dalam radius 500 meter, serta ketika cuaca mendung dan hujan.
Mewaspadai gas beracun yang konsentrasinya dapat meningkat secara tiba - tiba.
Mewaspadai terjadinya letusan yang bersifat tiba-tiba dan tanpa didahului oleh gejala-gejala vulkanik yang jelas.
Mewaspadai potensi longsor di dinding kawah kompleks G. Papandayan.
Mempertimbangkan potensi kemunculan sinar api/blue fire yang dapat terjadi di lokasi berbeda dalam kawasan Kompleks G. Papandayan, apabila fenomena tersebut kembali teramati, pengelola TWA G. Papandayan agar menerapkan jarak aman sesuai rekomendasi Badan Geologi guna menjamin keselamatan pengunjung dan mencegah aktivitas pada area yang berpotensi membahayakan.
Berdasarkan hasil pemantauan terkini hingga 26 September 2026, sinar api yang sebelumnya teramati di area Kawah Manuk sudah tidak teramati. Meskipun demikian, Badan Geologi melalui PVMBG tetap melakukan pemantauan secara intensif dan berkelanjutan terhadap perkembangan aktivitas di Kawah Manuk sebagai langkah antisipatif terhadap kemungkinan terulangnya fenomena serupa.
Badan Geologi senantiasa berkoordinasi dengan pihak pengelola TWA G. Papandayan sebagai langkah antisipasi menghindari hal-hal membahayakan yang tidak diinginkan. Dan tingkat aktivitas G. Papandayan akan dievaluasi secara berkala maupun jika terjadi perubahan aktivitas yang signifikan.","https://pbs.twimg.com/media/HTOMCyyacAAoeUk?format=jpg&name=small"